{
  "frame_interval": 20,
  "chunk_ms": 666.6666666666666,
  "thresholds_cm_deg": {
    "dx_eps": 0.3,
    "dth_eps": 0.5,
    "dx_hi": 1.3,
    "dth_hi": 4.0
  },
  "n": {
    "stationary": 128,
    "translation": 1792,
    "rotation": 277
  },
  "latentL2": {
    "stationary": {
      "mean": 12.59912048636761,
      "median": 12.766989707946777,
      "std": 1.7807488507851037
    },
    "translation": {
      "mean": 36.96303684288068,
      "median": 37.75674819946289,
      "std": 5.410320164682279
    },
    "rotation": {
      "mean": 51.42964929794146,
      "median": 52.474422454833984,
      "std": 4.681368280923005
    }
  },
  "translation_vs_stationary": {
    "delta_mean_L2": 24.363916356513073,
    "SNR_over_noise_floor": 13.681837472910013,
    "cohens_d": 6.049285278000237,
    "AUC_trans_gt_stat": 0.9796709333147321
  },
  "rotation_vs_stationary_control": {
    "delta_mean_L2": 38.83052881157385,
    "cohens_d": 10.964029857376099,
    "AUC_rot_gt_stat": 1.0
  }
}