{
  "frame_interval": 8,
  "chunk_ms": 266.6666666666667,
  "thresholds_cm_deg": {
    "dx_eps": 0.3,
    "dth_eps": 0.5,
    "dx_hi": 1.3,
    "dth_hi": 4.0
  },
  "n": {
    "stationary": 215,
    "translation": 2015,
    "rotation": 328
  },
  "latentL2": {
    "stationary": {
      "mean": 11.897401725509486,
      "median": 12.507216453552246,
      "std": 4.152501201524799
    },
    "translation": {
      "mean": 27.781659300226913,
      "median": 28.074583053588867,
      "std": 6.357023601080985
    },
    "rotation": {
      "mean": 42.59441966545291,
      "median": 43.771358489990234,
      "std": 4.658811203052273
    }
  },
  "translation_vs_stationary": {
    "delta_mean_L2": 15.884257574717427,
    "SNR_over_noise_floor": 3.8252264849158206,
    "cohens_d": 2.9584441352572535,
    "AUC_trans_gt_stat": 0.9642610652663166
  },
  "rotation_vs_stationary_control": {
    "delta_mean_L2": 30.697017939943425,
    "cohens_d": 6.956163589551399,
    "AUC_rot_gt_stat": 0.9996029495178673
  }
}